A# .NET,/wiki/A_Sharp_(.NET),N,http://www.asharp.martincarlisle.com/,http://adagide.martincarlisle.com/adagidelogo.gif,N
A# (Axiom),/wiki/A_Sharp_(Axiom),N,http://axiom-developer.org/,http://sourceforge.net/sflogo.php?group_id=48359&type=1,N
A-0 System,/wiki/A-0_System,N,N,N,N
A+,/wiki/A%2B_(programming_language),https://upload.wikimedia.org/wikipedia/en/5/5c/Aplus_logo.jpg,http://www.aplusdev.org/index.html,N,N
A++,/wiki/A%2B%2B,N,N,N,N
ABAP,/wiki/ABAP,N,https://www.sap.com/community/topic/abap.html,/dam/application/shared/logos/sap-logo-svg.svg,N
ABC,/wiki/ABC_(programming_language),N,N,N,N
ABC ALGOL,/wiki/ABC_ALGOL,N,N,N,N
ABSET,/wiki/ABSET,N,N,N,N
ABSYS,/wiki/ABSYS,N,N,N,N
ACC,/wiki/ACC_(programming_language),N,N,N,N
Accent,/wiki/Accent_(programming_language),https://upload.wikimedia.org/wikipedia/commons/thumb/d/df/RationalSoftware.png/220px-RationalSoftware.png,http://www-03.ibm.com/software/products/en/ratisyne,N,N
Ace DASL,/wiki/Distributed_Application_Specification_Language,N,N,N,N
ACT-III,/wiki/LGP-30#ACT-III_programming_language,N,N,N,N
Action!,/wiki/Action!_(programming_language),https://upload.wikimedia.org/wikipedia/en/thumb/5/50/Actionscr.png/300px-Actionscr.png,N,N,N
ActionScript,/wiki/ActionScript,https://upload.wikimedia.org/wikipedia/en/thumb/0/0f/ActionScript_icon.png/150px-ActionScript_icon.png,http://help.adobe.com/livedocs/specs/actionscript/3/wwhelp/wwhimpl/js/html/wwhelp.htm,N,N
Ada,/wiki/Ada_(programming_language),N,http://www.adaic.org/,N,N
Adenine,/wiki/Adenine_(programming_language),N,N,N,N
Agda,/wiki/Agda_(theorem_prover),N,http://wiki.portal.chalmers.se/agda/pmwiki.php,N,N
Agilent VEE,/wiki/Agilent_VEE,N,http://www.keysight.com/ko/pd-1476554-pn-W4000D/vee-pro-932?nid=-32809.806312.00&cc=KR&lc=kor&cmpid=20604,http://www.cdn.keysight.com/main/assets/images/frame/keysight-logo.png,N
Agora,/wiki/Agora_(programming_language),N,N,N,N
AIMMS,/wiki/AIMMS,N,https://aimms.com/,https://aimms-aimms.netdna-ssl.com/files/1214/2981/9233/american-flag-icon.png,N
Alef,/wiki/Alef_(programming_language),N,N,N,N
ALF,/wiki/Algebraic_Logic_Functional_programming_language,N,https://www.informatik.uni-kiel.de//~mh/systems/ALF/README,N,N
ALGOL 58,/wiki/ALGOL_58,N,N,N,N
ALGOL 60,/wiki/ALGOL_60,N,N,N,N
ALGOL 68,/wiki/ALGOL_68,https://upload.wikimedia.org/wikipedia/en/thumb/3/35/Algol68RevisedReportCover.jpg/220px-Algol68RevisedReportCover.jpg,N,N,N
ALGOL W,/wiki/ALGOL_W,N,N,N,N
Alice,/wiki/Alice_(programming_language),N,http://www.ps.uni-saarland.de/alice/,N,N
Alma-0,/wiki/Alma-0,N,https://www.cwi.nl/en/alma/,N,N
AmbientTalk,/wiki/AmbientTalk,N,http://soft.vub.ac.be/amop/,/amop/_media//at/fixed_atlogo.png?w=80&h=&cache=cache,N
Amiga E,/wiki/Amiga_E,N,N,N,N
AMOS,/wiki/AMOS_(programming_language),N,https://web.archive.org/web/20120204085705/http://www.clickteam.com/eng/downloadcenter.php?i=58,https://web.archive.org/web/20120204085705im_/http://www.theclickteam.com/eng/img/common/h_ctlogo.gif,N
AMPL,/wiki/AMPL,https://upload.wikimedia.org/wikipedia/en/b/b6/AMPL_%28textbook_cover%29.jpg,http://ampl.com/,http://ampl.com/wp-content/themes/ampl/images/logo.png,N
Apex,/wiki/Salesforce.com#Apex,N,N,N,N
APL,/wiki/APL_(programming_language),N,N,N,N
App Inventor for Android's visual block language,/wiki/App_Inventor_for_Android_(programming_language),https://upload.wikimedia.org/wikipedia/en/2/2c/App_Inventor_Logo.png,http://appinventor.mit.edu/,N,N
AppleScript,/wiki/AppleScript,https://upload.wikimedia.org/wikipedia/en/9/9e/AppleScript_Editor_Logo.png,https://developer.apple.com/library/content/documentation/AppleScript/Conceptual/AppleScriptX/AppleScriptX.html,N,N
APT,/wiki/APT_(programming_language),N,N,N,N
Arc,/wiki/Arc_(programming_language),N,N,N,N
ARexx,/wiki/ARexx,N,N,N,N
Argus,/wiki/Argus_(programming_language),N,N,N,N
AspectJ,/wiki/AspectJ,N,http://www.eclipse.org/aspectj/,//www.eclipse.org/eclipse.org-common/themes/solstice/public/images/logo/eclipse-426x100.png,N
Assembly language,/wiki/Assembly_language,https://upload.wikimedia.org/wikipedia/commons/thumb/f/f3/Motorola_6800_Assembly_Language.png/300px-Motorola_6800_Assembly_Language.png,N,N,N
ATS,/wiki/ATS_(programming_language),N,http://www.ats-lang.org/,./MYDATA/theLogo.png,N
Ateji PX,/wiki/Ateji_PX,N,http://www.ateji.com/,N,N
AutoHotkey,/wiki/AutoHotkey,https://upload.wikimedia.org/wikipedia/commons/3/36/AutoHotkey_logo.png,https://autohotkey.com/,assets/images/ahk-logo-no-text241x78-180.png,N
Autocoder,/wiki/Autocoder,N,N,N,N
AutoIt,/wiki/AutoIt,https://upload.wikimedia.org/wikipedia/en/2/22/Autoitlogo.png,https://www.autoitscript.com/site/autoit/,https://www.autoitscript.com/images/logo_autoit_210x72.svg,N
AutoLISP / Visual LISP,/wiki/AutoLISP,N,N,N,N
Averest,/wiki/Averest,N,N,N,N
AWK,/wiki/AWK,N,http://www.cs.princeton.edu/~bwk/btl.mirror/,N,N
Axum,/wiki/Axum_(programming_language),https://upload.wikimedia.org/wikipedia/en/thumb/3/3d/Axum_Banner.png/150px-Axum_Banner.png,https://msdn.microsoft.com/en-us/devlabs/dd795202.aspx,N,N
Active Server Pages,/wiki/Active_Server_Pages,N,https://www.asp.net/,https://media-www-asp.azureedge.net/media/1738626/aspnet-logo.png,N
B,/wiki/B_(programming_language),N,N,N,N
Babbage,/wiki/Babbage_(programming_language),N,N,N,N
Bash,/wiki/Bash_(Unix_shell),https://upload.wikimedia.org/wikipedia/commons/thumb/8/82/Gnu-bash-logo.svg/152px-Gnu-bash-logo.svg.png,https://www.gnu.org/software/bash/,/graphics/fsf-logo-notext-small.png,N
BASIC,/wiki/BASIC,https://upload.wikimedia.org/wikipedia/commons/thumb/c/c9/AtariBasic.png/300px-AtariBasic.png,N,N,N
bc,/wiki/Bc_(programming_language),N,N,N,N
BCPL,/wiki/BCPL,N,N,N,N
BeanShell,/wiki/BeanShell,N,http://www.beanshell.org/,N,N
Batch (Windows/Dos),/wiki/Batch_file,N,N,N,N
Bertrand,/wiki/Bertrand_(programming_language),N,N,N,N
BETA,/wiki/BETA_(programming_language),N,http://cs.au.dk/~beta/,N,N
Bistro,/wiki/Bistro_(programming_language),N,https://bitbucket.org/nik_boyd/bistro-smalltalk/,https://bitbucket.org/nik_boyd/bistro-smalltalk/avatar/128/?ts=1499610546,N
BitC,/w/index.php?title=BitC&action=edit&redlink=1,N,N,N,N
BLISS,/wiki/BLISS_(programming_language),N,http://pdp-10.trailing-edge.com/bb-m836d-bm/,N,N
Blockly,/wiki/Blockly,N,N,N,N
BlooP,/wiki/BlooP_and_FlooP,N,N,N,N
Boo,/wiki/Boo_(programming_language),https://upload.wikimedia.org/wikipedia/commons/e/e6/BooLogo.png,https://github.com/boo-lang,N,N
Boomerang,/wiki/Boomerang_(programming_language),N,http://www.seas.upenn.edu/~harmony/,images/harmony-logo.png,N
Bourne shell,/wiki/Bourne_shell,https://upload.wikimedia.org/wikipedia/commons/thumb/b/bf/Version_7_UNIX_SIMH_PDP11_Kernels_Shell.png/300px-Version_7_UNIX_SIMH_PDP11_Kernels_Shell.png,N,N,N
bash,/wiki/Bash_(Unix_shell),https://upload.wikimedia.org/wikipedia/commons/thumb/8/82/Gnu-bash-logo.svg/152px-Gnu-bash-logo.svg.png,https://www.gnu.org/software/bash/,/graphics/fsf-logo-notext-small.png,N
ksh,/wiki/Korn_shell,N,http://www.kornshell.org/,N,N
BREW,/wiki/Qualcomm_Brew,N,N,N,N
BPEL,/wiki/Business_Process_Execution_Language,N,N,N,N
Business Basic,/wiki/Business_Basic,N,N,N,N
C,/wiki/C_(programming_language),https://upload.wikimedia.org/wikipedia/commons/thumb/3/35/The_C_Programming_Language_logo.svg/140px-The_C_Programming_Language_logo.svg.png,N,N,N
C--,/wiki/C--,N,http://www.cs.tufts.edu/~nr/c--/index.html,N,N
C++,/wiki/C%2B%2B,https://upload.wikimedia.org/wikipedia/commons/thumb/5/5b/C_plus_plus.svg/140px-C_plus_plus.svg.png,https://isocpp.org/,/files/img/cpp_logo.png,N
C#,/wiki/C_Sharp_(programming_language),https://upload.wikimedia.org/wikipedia/commons/thumb/0/0d/C_Sharp_wordmark.svg/150px-C_Sharp_wordmark.svg.png,https://docs.microsoft.com/en-us/dotnet/csharp/language-reference/,N,N
C/AL,/wiki/C/AL,N,N,N,N
Caché ObjectScript,/wiki/Cach%C3%A9_ObjectScript,N,N,N,N
C Shell,/wiki/C_Shell,https://upload.wikimedia.org/wikipedia/commons/thumb/1/1f/Tcsh_ejecut%C3%A1ndose_en_escritorio_Mac_OSX.png/300px-Tcsh_ejecut%C3%A1ndose_en_escritorio_Mac_OSX.png,N,N,N
Caml,/wiki/Caml,https://upload.wikimedia.org/wikipedia/en/4/4a/Caml.gif,http://caml.inria.fr/,N,N
Cayenne,/wiki/Cayenne_(programming_language),N,N,N,N
CDuce,/wiki/CDuce,N,N,N,N
Cecil,/wiki/Cecil_(programming_language),N,N,N,N
Cesil,/wiki/Cesil,N,N,N,N
Céu,/wiki/C%C3%A9u_(programming_language),N,N,N,N
Ceylon,/wiki/Ceylon_(programming_language),https://upload.wikimedia.org/wikipedia/en/2/20/Ceylon_%28programming_language%29_logo.png,https://ceylon-lang.org/,N,N
CFEngine,/wiki/CFEngine,https://upload.wikimedia.org/wikipedia/commons/2/2b/Cfengine_logo.png,https://cfengine.com/,https://cfengine.com/wp-content/uploads/2014/06/logo_with_box.png,N
CFML,/wiki/ColdFusion_Markup_Language,N,http://www.adobe.com/products/coldfusion-family.html,N,N
Cg,/wiki/Cg_(programming_language),N,N,N,N
Ch,/wiki/Ch_(computer_programming),N,http://www.softintegration.com/,/images/cstem_logo.png,N
Chapel,/wiki/Chapel_(programming_language),https://upload.wikimedia.org/wikipedia/en/c/c0/Cray_Chapel_Logo.png,http://chapel.cray.com/,N,N
Charity,/wiki/Charity_(programming_language),N,http://pll.cpsc.ucalgary.ca/charity1/www/home.html,N,N
Charm,/wiki/Charm_(language),N,http://charm.qu-bit.co.uk/,N,N
CHILL,/wiki/CHILL,N,N,N,N
CHIP-8,/wiki/CHIP-8,N,N,N,N
chomski,/wiki/Chomski,N,http://bumble.sourceforge.net/machine/,http://sflogo.sourceforge.net/sflogo.php?group_id=120173&type=3,N
ChucK,/wiki/ChucK,https://upload.wikimedia.org/wikipedia/commons/6/6a/ChucK_logo2.jpg,http://chuck.cs.princeton.edu/,doc/images/chuck_logo3.jpg,N
CICS,/wiki/CICS,https://upload.wikimedia.org/wikipedia/commons/thumb/5/51/IBM_logo.svg/200px-IBM_logo.svg.png,https://www-01.ibm.com/software/data/enterprise-application-servers/cics/,N,N
Cilk,/wiki/Cilk,N,,N,N
Citrine (programming language),/wiki/Citrine_(programming_language),https://upload.wikimedia.org/wikipedia/commons/thumb/c/ce/Citrine_programming_language_logo.png/220px-Citrine_programming_language_logo.png,http://citrine-lang.org/,logo.png,N
CL,/wiki/AS/400_Control_Language,N,N,N,N
Claire,/wiki/Claire_(programming_language),N,http://www.claire-language.com/,/chrome/common/trac_logo_mini.png,N
Clarion,/wiki/Clarion_(programming_language),N,http://www.softvelocity.com/,assets/img/logo/logonew57.png,N
Clean,/wiki/Clean_(programming_language),https://upload.wikimedia.org/wikipedia/en/8/88/Cleanlang_logo.jpg,http://clean.cs.ru.nl/Clean,/images/5/59/Itasks-logo.png,N
Clipper,/wiki/Clipper_(programming_language),N,http://www.grafxsoft.com/clipper.htm,N,N
CLIPS,/wiki/CLIPS_(programming_language),N,http://www.clipsrules.net/,N,N
CLIST,/wiki/CLIST,N,N,N,N
Clojure,/wiki/Clojure,https://upload.wikimedia.org/wikipedia/commons/thumb/5/5d/Clojure_logo.svg/220px-Clojure_logo.svg.png,https://clojure.org/,images/clojure-logo-120b.png,N
CLU,/wiki/CLU_(programming_language),N,http://www.pmg.lcs.mit.edu/CLU.html,N,N
CMS-2,/wiki/CMS-2_(programming_language),https://upload.wikimedia.org/wikipedia/en/thumb/f/f1/CMS-2Y_Programmers_Reference_Manual_for_the_AN_UYK-7_and_AN_UYK-43_Oct86.jpg/220px-CMS-2Y_Programmers_Reference_Manual_for_the_AN_UYK-7_and_AN_UYK-43_Oct86.jpg,N,N,N
COBOL,/wiki/COBOL,N,N,N,N
CobolScript,/wiki/CobolScript,N,N,N,N
Cobra,/wiki/Cobra_(programming_language),N,http://cobra-language.com/,N,N
CODE,/wiki/CODE_(programming_language),N,N,N,N
CoffeeScript,/wiki/CoffeeScript,https://upload.wikimedia.org/wikipedia/en/1/1c/CoffeeScript-logo.png,http://coffeescript.org/,N,N
ColdFusion,/wiki/ColdFusion,https://upload.wikimedia.org/wikipedia/commons/thumb/6/63/Adobe_ColdFusion_10_icon.png/64px-Adobe_ColdFusion_10_icon.png,http://www.adobe.com/products/coldfusion-family.html,N,N
COMAL,/wiki/COMAL,N,N,N,N
Combined Programming Language,/wiki/Combined_Programming_Language,N,N,N,N
COMIT,/wiki/COMIT,N,N,N,N
Common Intermediate Language,/wiki/Common_Intermediate_Language,N,N,N,N
Common Lisp,/wiki/Common_Lisp,N,https://common-lisp.net/,static/imgs/lisplogo.png,N
COMPASS,/wiki/COMPASS,N,N,N,N
Component Pascal,/wiki/Component_Pascal,N,http://www.oberon.ch/,N,N
Constraint Handling Rules,/wiki/Constraint_Handling_Rules,N,N,N,N
COMTRAN,/wiki/COMTRAN,N,N,N,N
Converge,/wiki/Converge_(programming_language),N,http://www.convergepl.org/,/images/logo-small.png,N
Cool,/wiki/Cool_(programming_language),N,N,N,N
Coq,/wiki/Coq,https://upload.wikimedia.org/wikipedia/commons/d/d8/Coq_logo.png,https://coq.inria.fr/,/files/barron_logo.png,N
Coral 66,/wiki/Coral_66,N,N,N,N
Corn,/wiki/Corn_(emulator),N,N,N,N
CorVision,/wiki/CorVision,N,N,N,N
COWSEL,/wiki/COWSEL,N,N,N,N
CPL,/wiki/CPL_(programming_language),N,N,N,N
Cryptol,/wiki/Cryptol,N,N,N,N
Crystal (programming language),/wiki/Crystal_(programming_language),https://upload.wikimedia.org/wikipedia/en/thumb/6/6f/The_Crystal_programming_language_logo.svg/260px-The_Crystal_programming_language_logo.svg.png,https://crystal-lang.org/,/assets/bountysource.png,N
csh,/wiki/C_shell,https://upload.wikimedia.org/wikipedia/commons/thumb/1/1f/Tcsh_ejecut%C3%A1ndose_en_escritorio_Mac_OSX.png/300px-Tcsh_ejecut%C3%A1ndose_en_escritorio_Mac_OSX.png,N,N,N
Csound,/wiki/Csound,N,http://csound.github.io/,/images/cs-logo-01.png,N
CSP,/wiki/Communicating_sequential_processes,N,N,N,N
CUDA,/wiki/CUDA,https://upload.wikimedia.org/wikipedia/en/thumb/b/b9/Nvidia_CUDA_Logo.jpg/300px-Nvidia_CUDA_Logo.jpg,https://developer.nvidia.com/cuda-zone,https://developer.nvidia.com/sites/default/files/AcceleratedComputing.png,N
Curl,/wiki/Curl_(programming_language),https://upload.wikimedia.org/wikipedia/en/5/5a/Curl_logo.gif,http://www.curl.com/,N,N
Curry,/wiki/Curry_(programming_language),N,,N,N
Cybil,/wiki/Cybil_(programming_language),N,N,N,N
Cyclone,/wiki/Cyclone_(programming_language),N,http://cyclone.thelanguage.org/,N,N
Cython,/wiki/Cython,https://upload.wikimedia.org/wikipedia/en/thumb/c/ce/Cython-logo.svg/220px-Cython-logo.svg.png,http://cython.org/,N,N
D,/wiki/D_(programming_language),https://upload.wikimedia.org/wikipedia/commons/thumb/2/24/D_Programming_Language_logo.svg/120px-D_Programming_Language_logo.svg.png,https://dlang.org/,images/dlogo.svg,N
DASL,/wiki/Datapoint%27s_Advanced_Systems_Language,N,N,N,N
DASL,/wiki/Distributed_Application_Specification_Language,N,N,N,N
Dart,/wiki/Dart_(programming_language),https://upload.wikimedia.org/wikipedia/en/thumb/3/35/Dart_logo_wordmark.png/241px-Dart_logo_wordmark.png,https://www.dartlang.org/,/assets/logo-61576b6c2423c80422c986036ead4a7fc64c70edd7639c6171eba19e992c87d9.svg,N
DataFlex,/wiki/DataFlex,N,N,N,N
Datalog,/wiki/Datalog,N,N,N,N
DATATRIEVE,/wiki/DATATRIEVE,N,N,N,N
dBase,/wiki/DBase,https://upload.wikimedia.org/wikipedia/commons/thumb/0/00/DBaseLogo_BlackWithRed_glass_300.png/220px-DBaseLogo_BlackWithRed_glass_300.png,http://www.dbase.com/,http://www.dbase.com/wp-content/uploads/2012/05/dBase-Transparent-with-TM-1024narrow-300x84.png,N
dc,/wiki/Dc_(computer_program),N,N,N,N
DCL,/wiki/DIGITAL_Command_Language,N,N,N,N
Deesel,/wiki/Deesel,N,N,N,N
Delphi,/wiki/Delphi_(programming_language),N,https://www.embarcadero.com/products/delphi,/templates/avendor/images/embarcadero_logo.png,N
DinkC,/wiki/Dink_Smallwood#Modification,N,N,N,N
DIBOL,/wiki/DIBOL,N,N,N,N
Dog,/wiki/Sepandar_Kamvar#.22Dog.22_programming_language,N,N,N,N
Draco,/wiki/Draco_(programming_language),N,N,N,N
DRAKON,/wiki/DRAKON,N,N,N,N
Dylan,/wiki/Dylan_(programming_language),N,N,N,N
DYNAMO,/wiki/DYNAMO_(programming_language),N,N,N,N
E,/wiki/E_(programming_language),N,http://erights.org/,images/small-logo.gif,N
EarSketch,/wiki/EarSketch,N,N,N,N
Ease,/wiki/Ease_(programming_language),N,N,N,N
Easy PL/I,/wiki/PL/I,N,http://bitsavers.trailing-edge.com/pdf/ibm/360/pli/,N,N
Easy Programming Language,/wiki/Easy_Programming_Language,N,N,N,N
EASYTRIEVE PLUS,/wiki/Easytrieve,N,N,N,N
ECMAScript,/wiki/ECMAScript,N,http://www.ecma-international.org/,images/logo_top.gif,N
Edinburgh IMP,/wiki/Edinburgh_IMP,N,N,N,N
EGL,/wiki/EGL_(programming_language),N,N,N,N
Eiffel,/wiki/Eiffel_(programming_language),N,N,N,N
ELAN,/wiki/ELAN_(programming_language),N,http://www.cs.ru.nl/elan/,logo.gif,N
Elixir,/wiki/Elixir_(programming_language),https://upload.wikimedia.org/wikipedia/en/a/a4/Elixir_programming_language_logo.png,https://elixir-lang.org/,/images/logo/logo.png,N
Elm,/wiki/Elm_(programming_language),https://upload.wikimedia.org/wikipedia/commons/thumb/f/f3/Elm_logo.svg/120px-Elm_logo.svg.png,http://elm-lang.org/,N,N
Emacs Lisp,/wiki/Emacs_Lisp,https://upload.wikimedia.org/wikipedia/commons/thumb/0/08/EmacsIcon.svg/64px-EmacsIcon.svg.png,N,N,N
Emerald,/wiki/Emerald_(programming_language),N,http://www.emeraldprogramminglanguage.org/,N,N
Epigram,/wiki/Epigram_(programming_language),N,N,N,N
EPL,/wiki/Easy_Programming_Language,N,N,N,N
Erlang,/wiki/Erlang_(programming_language),https://upload.wikimedia.org/wikipedia/commons/thumb/0/04/Erlang_logo.svg/114px-Erlang_logo.svg.png,https://www.erlang.org/,/img/erlang.png,N
es,/wiki/Es_(Unix_shell),N,http://doc.cat-v.org/plan_9/4th_edition/papers/rc,N,N
Escher,/wiki/Escher_(programming_language),N,N,N,N
ESPOL,/wiki/Executive_Systems_Problem_Oriented_Language,N,N,N,N
Esterel,/wiki/Esterel,N,N,N,N
Etoys,/wiki/Etoys_(programming_language),N,N,N,N
Euclid,/wiki/Euclid_(programming_language),N,N,N,N
Euler,/wiki/Euler_(programming_language),N,N,N,N
Euphoria,/wiki/Euphoria_(programming_language),https://upload.wikimedia.org/wikipedia/commons/c/c3/OpenEuphoria_logo.png,http://openeuphoria.org/,/logos/80x84-mongoose-color-lite.png,N
EusLisp Robot Programming Language,/wiki/EusLisp_Robot_Programming_Language,N,N,N,N
CMS EXEC,/wiki/CMS_EXEC,N,N,N,N
EXEC 2,/wiki/EXEC_2,N,N,N,N
Executable UML,/wiki/Executable_UML,N,N,N,N
F,/wiki/F_(programming_language),N,N,N,N
F#,/wiki/F_Sharp_(programming_language),https://upload.wikimedia.org/wikipedia/en/thumb/d/d5/Fsharp%2C_Logomark%2C_October_2014.svg/220px-Fsharp%2C_Logomark%2C_October_2014.svg.png,http://fsharp.org/,../img/logo/fsharp256.png,N
F*,/wiki/F*_(programming_language),https://upload.wikimedia.org/wikipedia/commons/thumb/b/b1/Fstar-official-logo-2015.png/120px-Fstar-official-logo-2015.png,https://www.fstar-lang.org/,/i/fstar-new.png,N
Factor,/wiki/Factor_(programming_language),https://upload.wikimedia.org/wikipedia/en/thumb/f/ff/NewFactorLogo.png/200px-NewFactorLogo.png,http://factorcode.org/,logo.png,N
Falcon,/wiki/Falcon_(programming_language),https://upload.wikimedia.org/wikipedia/en/3/3a/FalconplLogo.png,http://falconpl.org/,images/logo.png,N
Fantom,/wiki/Fantom_(programming_language),https://upload.wikimedia.org/wikipedia/commons/8/8c/Fantom-logo.png,http://www.fantom.org/,N,N
FAUST,/wiki/FAUST_(programming_language),N,http://faust.grame.fr/,N,N
FFP,/wiki/FFP_(programming_language),N,N,N,N
Fjölnir,/wiki/Fj%C3%B6lnir_(programming_language),N,N,N,N
FL,/wiki/FL_(programming_language),N,N,N,N
Flavors,/wiki/Flavors_(programming_language),N,N,N,N
Flex,/wiki/Flex_(language),N,N,N,N
FlooP,/wiki/BlooP_and_FlooP,N,N,N,N
FLOW-MATIC,/wiki/FLOW-MATIC,N,N,N,N
FOCAL,/wiki/FOCAL_(programming_language),N,N,N,N
FOCUS,/wiki/FOCUS,N,N,N,N
FOIL,/wiki/FOIL_(programming_language),N,N,N,N
FORMAC,/wiki/FORMAC_(programming_language),N,N,N,N
@Formula,/wiki/Formula_language,N,N,N,N
Forth,/wiki/Forth_(programming_language),N,N,N,N
Fortran,/wiki/Fortran,https://upload.wikimedia.org/wikipedia/commons/thumb/0/07/Fortran_acs_cover.jpeg/150px-Fortran_acs_cover.jpeg,N,N,N
Fortress,/wiki/Fortress_(programming_language),N,http://www.oracle.com/splash/java.net/maintenance/index.html,N,N
FoxBase,/wiki/FoxBase,https://upload.wikimedia.org/wikipedia/en/thumb/7/7e/VisualFoxProScreenshot.png/300px-VisualFoxProScreenshot.png,https://msdn.microsoft.com/en-us/library/mt490117,https://i-msdn.sec.s-msft.com/Areas/Centers/Themes/StandardDevCenter/Content/HeaderFooterSprite.png?v=636366940370715916,N
FoxPro,/wiki/FoxPro,N,N,N,N
FP,/wiki/FP_(programming_language),N,N,N,N
Franz Lisp,/wiki/Franz_Lisp,N,N,N,N
Frege,/wiki/Frege_(programming_language),https://upload.wikimedia.org/wikipedia/commons/thumb/e/e7/Frege_logo.svg/220px-Frege_logo.svg.png,https://github.com/Frege/frege,/Frege/frege/raw/master/resources/Frege_logo.png,N
F-Script,/wiki/F-Script_(programming_language),N,http://www.colt.net,N,N
G,/wiki/G_(programming_language),N,N,N,N
Game Maker Language,/wiki/GameMaker:_Studio,https://upload.wikimedia.org/wikipedia/en/thumb/1/1b/The_game_maker_logo.png/220px-The_game_maker_logo.png,https://www.yoyogames.com/,/static_assets/core/new/yoyogames-f1e6b68b922f380e535582f909c7540c.png,N
GameMonkey Script,/wiki/GameMonkey_Script,N,N,N,N
GAMS,/wiki/General_Algebraic_Modeling_System,N,https://www.gams.com/,N,N
GAP,/wiki/GAP_computer_algebra_system,N,http://www.gap-system.org/,N,N
G-code,/wiki/G-code,N,N,N,N
GDScript,/wiki/Godot_(game_engine),https://upload.wikimedia.org/wikipedia/commons/thumb/4/4a/Godot_%28game_engine%29_logo.svg/200px-Godot_%28game_engine%29_logo.svg.png,https://godotengine.org/,https://godotengine.org/themes/godotengine/assets/logo.svg,N
Genie,/wiki/Genie_(programming_language),N,https://wiki.gnome.org/Projects/Genie,https://www.gnome.org/wp-content/themes/gnome-grass/images/gnome-logo.svg,N
GDL,/wiki/Geometric_Description_Language,N,N,N,N
GJ,/wiki/Generic_Java,N,N,N,N
GEORGE,/wiki/GEORGE_(programming_language),N,N,N,N
GLSL,/wiki/GLSL,N,N,N,N
GNU E,/wiki/GNU_E,N,,N,N
GM,/wiki/Golden_master,N,N,N,N
Go,/wiki/Go_(programming_language),https://upload.wikimedia.org/wikipedia/commons/thumb/2/23/Golang.png/220px-Golang.png,https://golang.org/,N,N
Go!,/wiki/Go!_(programming_language),N,N,N,N
GOAL,/wiki/Game_Oriented_Assembly_Lisp,N,N,N,N
Gödel,/wiki/G%C3%B6del_(programming_language),N,N,N,N
Golo,/wiki/Golo_(programming_language),N,http://golo-lang.org/,/images/logo-golo.png,N
GOM (Good Old Mad),/wiki/MAD_(programming_language),N,N,N,N
Google Apps Script,/wiki/Google_Apps_Script,https://upload.wikimedia.org/wikipedia/en/f/f2/Google_Apps_Script.png,https://www.google.com/script/start/,//www.google.com/images/branding/googlelogo/1x/googlelogo_color_116x41dp.png,N
Gosu,/wiki/Gosu_(programming_language),N,http://gosu-lang.github.io/,/img/logo-no-gs.png,N
GOTRAN,/wiki/IBM_1620#GOTRAN,N,N,N,N
GPSS,/wiki/GPSS,N,N,N,N
GraphTalk,/wiki/Computer_Sciences_Corporation,N,N,N,N
GRASS,/wiki/GRASS_(programming_language),N,N,N,N
Groovy,/wiki/Groovy_(programming_language),https://upload.wikimedia.org/wikipedia/commons/thumb/3/36/Groovy-logo.svg/220px-Groovy-logo.svg.png,http://groovy-lang.org/,img/xasf_logo.png.pagespeed.ic.oYGxdP6oSc.png,N
Hack,/wiki/Hack_(programming_language),https://upload.wikimedia.org/wikipedia/commons/thumb/a/a7/Hack_%28programming_language%29_logo.svg/200px-Hack_%28programming_language%29_logo.svg.png,http://hacklang.org/,/static/logo.svg,N
HAGGIS,/wiki/HAGGIS,N,N,N,N
HAL/S,/wiki/HAL/S,N,N,N,N
Halide (programming language),/wiki/Halide_(programming_language),N,http://halide-lang.org/,N,N
Hamilton C shell,/wiki/Hamilton_C_shell,https://upload.wikimedia.org/wikipedia/commons/thumb/e/ec/Hamilton_C_shell_x64_on_Windows_7.png/300px-Hamilton_C_shell_x64_on_Windows_7.png,https://www.hamiltonlabs.com/Cshell.htm,N,N
Harbour,/wiki/Harbour_(software),N,https://harbour.github.io/,/images/harbour.svg,N
Hartmann pipelines,/wiki/Hartmann_pipeline,https://upload.wikimedia.org/wikipedia/en/0/0c/Pipjarg1.jpeg,http://vm.marist.edu/~pipeline/,http://kedit.com/image/keditlogo.gif,N
Haskell,/wiki/Haskell_(programming_language),https://upload.wikimedia.org/wikipedia/commons/thumb/1/1c/Haskell-Logo.svg/120px-Haskell-Logo.svg.png,https://www.haskell.org/,/static/img/haskell-logo.svg?etag=ukf3Fg7-,N
Haxe,/wiki/Haxe,https://upload.wikimedia.org/wikipedia/commons/thumb/8/89/Haxe_logo.svg/220px-Haxe_logo.svg.png,http://haxe.org/,/img/haxe-logo-horizontal-on-dark.svg,N
Hermes,/wiki/Hermes_(programming_language),N,N,N,N
High Level Assembly,/wiki/High_Level_Assembly,N,http://www.plantation-productions.com/Webster/,N,N
HLSL,/wiki/High_Level_Shader_Language,N,N,N,N
Hop,/wiki/Hop_(software),https://upload.wikimedia.org/wikipedia/commons/thumb/f/fb/Hop_logo.svg/150px-Hop_logo.svg.png,http://hop.inria.fr/home/index.html,N,N
Hopscotch,/wiki/Hopscotch_(programming_language),N,N,N,N
Hope,/wiki/Hope_(programming_language),N,N,N,N
Hugo,/wiki/Hugo_(programming_language),N,N,N,N
Hume,/wiki/Hume_(language),N,N,N,N
HyperTalk,/wiki/HyperTalk,N,N,N,N
IBM Basic assembly language,/wiki/IBM_Basic_assembly_language,N,N,N,N
IBM HAScript,/wiki/IBM_HAScript,N,N,N,N
IBM Informix-4GL,/wiki/IBM_Informix-4GL,N,N,N,N
IBM RPG,/wiki/IBM_RPG,N,N,N,N
ICI,/wiki/ICI_(programming_language),N,N,N,N
Icon,/wiki/Icon_(programming_language),https://upload.wikimedia.org/wikipedia/en/c/cf/Icon_logo.png,https://www2.cs.arizona.edu/icon/,N,N
Id,/wiki/Id_(programming_language),N,N,N,N
IDL,/wiki/IDL_(programming_language),N,http://harrisgeospatial.com/ProductsandTechnology/Software/IDL.aspx,N,N
Idris,/wiki/Idris_(programming_language),N,https://www.idris-lang.org/,http://idris-lang.org/logo/logo-small.png,N
IMP,/wiki/IMP_(programming_language),N,N,N,N
Inform,/wiki/Inform,https://upload.wikimedia.org/wikipedia/en/4/4c/Inform_7_IDE_Icon.png,http://inform7.com/,N,N
INTERLISP,/wiki/Interlisp,N,N,N,N
Io,/wiki/Io_(programming_language),https://upload.wikimedia.org/wikipedia/commons/thumb/2/26/Io-logo.svg/64px-Io-logo.svg.png,N,N,N
Ioke,/wiki/Ioke_(programming_language),https://upload.wikimedia.org/wikipedia/commons/thumb/2/28/Ioke.svg/220px-Ioke.svg.png,https://ioke.org/,N,N
IPL,/wiki/Information_Processing_Language,N,N,N,N
IPTSCRAE,/wiki/IPTSCRAE,N,N,N,N
ISLISP,/wiki/ISLISP,N,N,N,N
ISPF,/wiki/ISPF,N,N,N,N
ISWIM,/wiki/ISWIM,N,N,N,N
J,/wiki/J_(programming_language),https://upload.wikimedia.org/wikipedia/en/thumb/6/65/J_%28programming_language%29_icon.png/64px-J_%28programming_language%29_icon.png,http://www.jsoftware.com/,N,N
J#,/wiki/J_Sharp,N,,N,N
J++,/wiki/Visual_J%2B%2B,N,N,N,N
JADE,/wiki/JADE_(programming_language),N,N,N,N
JAL,/wiki/JAL_(compiler),N,N,N,N
Janus (concurrent constraint programming language),/wiki/Janus_(concurrent_constraint_programming_language),N,N,N,N
Janus (time-reversible computing programming language),/wiki/Janus_(time-reversible_computing_programming_language),N,http://tetsuo.jp/ref/janus.html,N,N
JASS,/wiki/JASS,N,N,N,N
Java,/wiki/Java_(programming_language),https://upload.wikimedia.org/wikipedia/en/thumb/3/30/Java_programming_language_logo.svg/141px-Java_programming_language_logo.svg.png,https://www.oracle.com/java/index.html,//www.oracle.com/assets/ci08t1-logo-v2com-2347762.png,N
JavaScript,/wiki/JavaScript,N,https://developer.mozilla.org/en-US/docs/Web/JavaScript,N,N
JCL,/wiki/Job_Control_Language,N,N,N,N
JEAN,/wiki/JEAN,N,N,N,N
Join Java,/wiki/Join_Java,N,http://joinjava.unisa.edu.au/,N,N
JOSS,/wiki/JOSS,N,N,N,N
Joule,/wiki/Joule_(programming_language),N,N,N,N
JOVIAL,/wiki/JOVIAL,N,N,N,N
Joy,/wiki/Joy_(programming_language),N,N,N,N
JScript,/wiki/JScript,https://upload.wikimedia.org/wikipedia/en/e/e8/Jscript_icon.gif,https://msdn.microsoft.com/library/hbxc2t98.aspx,https://i-msdn.sec.s-msft.com/Areas/Centers/Themes/StandardDevCenter/Content/HeaderFooterSprite.png?v=636366940370715916,N
JScript .NET,/wiki/JScript_.NET,N,N,N,N
JavaFX Script,/wiki/JavaFX_Script,https://upload.wikimedia.org/wikipedia/en/thumb/c/cc/JavaFX_Logo.png/200px-JavaFX_Logo.png,http://www.oracle.com/technetwork/java/javase/overview/index.html,N,N
Julia,/wiki/Julia_(programming_language),https://upload.wikimedia.org/wikipedia/commons/thumb/6/69/Julia_prog_language.svg/220px-Julia_prog_language.svg.png,https://julialang.org/,N,N
Jython,/wiki/Jython,https://upload.wikimedia.org/wikipedia/en/e/ea/Jython.png,http://www.jython.org/,css/jython.png,N
K,/wiki/K_(programming_language),N,N,N,N
Kaleidoscope,/wiki/Kaleidoscope_(programming_language),N,N,N,N
Karel,/wiki/Karel_(programming_language),https://upload.wikimedia.org/wikipedia/commons/thumb/a/a1/NikiExample.jpg/220px-NikiExample.jpg,N,N,N
Karel++,/wiki/Karel%2B%2B,https://upload.wikimedia.org/wikipedia/commons/thumb/a/a1/NikiExample.jpg/220px-NikiExample.jpg,N,N,N
KEE,/wiki/IntelliCorp_(Software),N,N,N,N
Kixtart,/wiki/KiXtart,N,http://www.kixtart.org/,images/logo_kixtart_script.gif,N
Klerer-May System,/wiki/Klerer-May_System,N,N,N,N
KIF,/wiki/Knowledge_Interchange_Format,N,N,N,N
Kojo,/wiki/Kojo_(programming_language),https://upload.wikimedia.org/wikipedia/en/f/fe/Kojo_Logo_with_overlapping_pentagons.png,http://www.kogics.net/kojo,N,N
Kotlin,/wiki/Kotlin_(programming_language),https://upload.wikimedia.org/wikipedia/commons/b/b5/Kotlin-logo.png,https://kotlinlang.org/,N,N
KRC,/wiki/Kent_Recursive_Calculator,N,N,N,N
KRL,/wiki/KRL_(programming_language),N,N,N,N
KUKA,/wiki/KUKA,N,N,N,N
KRYPTON,/wiki/KRYPTON,N,N,N,N
ksh,/wiki/Korn_shell,N,http://www.kornshell.org/,N,N
Kodu,/wiki/Kodu_Game_Lab,N,https://www.kodugamelab.com/,/images/socl_logo.png,N
L,/wiki/L_(programming_language),N,N,N,N
LabVIEW,/wiki/LabVIEW,https://upload.wikimedia.org/wikipedia/en/thumb/6/60/LabVIEW_Logo.jpg/300px-LabVIEW_Logo.jpg,http://www.ni.com/en-us/shop/labview.html,N,N
Ladder,/wiki/Ladder_logic,N,N,N,N
Lagoona,/wiki/Lagoona_(programming_language),N,N,N,N
LANSA,/wiki/LANSA_(development_environment),N,N,N,N
Lasso,/wiki/Lasso_(programming_language),https://upload.wikimedia.org/wikipedia/en/thumb/d/dc/LassoSoft_and_Lasso_Logo.png/220px-LassoSoft_and_Lasso_Logo.png,http://www.lassosoft.com/,/skins/lassosoft/images/main_logo.png,N
LaTeX,/wiki/LaTeX,https://upload.wikimedia.org/wikipedia/commons/thumb/9/92/LaTeX_logo.svg/100px-LaTeX_logo.svg.png,https://www.latex-project.org//,/img/latex-project-logo.svg,N
Lava,/wiki/Lava_(programming_language),N,N,N,N
LC-3,/wiki/LC-3,N,N,N,N
Leda,/wiki/Leda_(programming_language),N,N,N,N
Legoscript,/wiki/Lego_Mindstorms,N,N,N,N
LIL,/wiki/Little_Implementation_Language,N,N,N,N
LilyPond,/wiki/LilyPond,https://upload.wikimedia.org/wikipedia/commons/thumb/0/03/LilyPond-logo-with-music.png/107px-LilyPond-logo-with-music.png,http://lilypond.org/,pictures/double-lily-modified3.png,N
Limbo,/wiki/Limbo_(programming_language),N,http://www.vitanuova.com/inferno/limbo.html,N,N
Limnor,/wiki/Limnor,N,N,N,N
LINC,/wiki/LINC_4GL,N,N,N,N
Lingo,/wiki/Lingo_(programming_language),N,N,N,N
LIS,/wiki/LIS_(programming_language),N,N,N,N
LISA,/wiki/Language_for_Instruction_Set_Architecture,N,https://www.ice.rwth-aachen.de/research/tools-projects/lisa/lisa,N,N
Lisaac,/wiki/Lisaac,https://upload.wikimedia.org/wikipedia/en/7/7c/Lisaac_logo.png,N,N,N
Lisp,/wiki/Lisp_(programming_language),N,N,N,N
Lite-C,/wiki/Lite-C,N,http://www.3dgamestudio.de/litec.php,N,N
Lithe,/wiki/Lithe_(programming_language),N,N,N,N
Little b,/wiki/Little_b_(programming_language),N,http://www.littleb.org/,N,N
Logo,/wiki/Logo_(programming_language),https://upload.wikimedia.org/wikipedia/commons/thumb/2/2c/Remi_turtlegrafik.png/300px-Remi_turtlegrafik.png,N,N,N
Logtalk,/wiki/Logtalk,N,http://logtalk.org/,N,N
LotusScript,/wiki/LotusScript,N,N,N,N
LPC,/wiki/LPC_(programming_language),N,http://lpmuds.net/,smflogo.gif,N
LSE,/wiki/LSE_(programming_language),N,N,N,N
LSL,/wiki/Linden_Scripting_Language,N,https://wiki.secondlife.com/wiki/LSL_Portal,N,N
LiveCode,/wiki/LiveCode,N,https://livecode.org/,https://livecode.org/wp-content/uploads/2016/04/lccom.png,N
LiveScript,/wiki/LiveScript,N,http://livescript.net/,N,N
Lua,/wiki/Lua_(programming_language),https://upload.wikimedia.org/wikipedia/commons/thumb/6/6a/Lua-logo-nolabel.svg/128px-Lua-logo-nolabel.svg.png,https://www.lua.org/,N,N
Lucid,/wiki/Lucid_(programming_language),N,N,N,N
Lustre,/wiki/Lustre_(programming_language),N,N,N,N
LYaPAS,/wiki/LYaPAS,N,N,N,N
Lynx,/wiki/Lynx_(programming_language),N,N,N,N
M2001,/wiki/M2001,N,N,N,N
M4,/wiki/M4_(computer_language),N,N,N,N
M#,/wiki/M_Sharp_(programming_language),https://upload.wikimedia.org/wikipedia/en/c/ca/Msharp_logo.png,http://www.msharp.co.uk/Home.html,N,N
Machine code,/wiki/Machine_code,N,N,N,N
MAD,/wiki/MAD_(programming_language),N,N,N,N
MAD/I,/wiki/MAD_(programming_language),N,N,N,N
Magik,/wiki/Magik_(programming_language),N,N,N,N
Magma,/wiki/Magma_computer_algebra_system,https://upload.wikimedia.org/wikipedia/commons/e/ee/Magma-logo.png,http://magma.maths.usyd.edu.au/magma/,N,N
make,/wiki/Make_(software),N,http://pubs.opengroup.org/onlinepubs/9699919799/utilities/make.html,N,N
Maude system,/wiki/Maude_system,N,N,N,N
Maple,/wiki/Maple_(software),https://upload.wikimedia.org/wikipedia/en/thumb/7/7c/Maple_2016_Core_Screenshots.jpg/300px-Maple_2016_Core_Screenshots.jpg,http://www.maplesoft.com/products/maple/,/images2015/Maple_logo_sm.png,N
MAPPER,/wiki/MAPPER,N,N,N,N
MARK-IV,/wiki/MARK_IV_(software),N,N,N,N
Mary,/wiki/Mary_(programming_language),N,N,N,N
MASM Microsoft Assembly x86,/wiki/Microsoft_Macro_Assembler,N,https://msdn.microsoft.com/en-us/library/afzk3475.aspx,https://i-msdn.sec.s-msft.com/Areas/Centers/Themes/StandardDevCenter/Content/HeaderFooterSprite.png?v=636366940370715916,N
MATH-MATIC,/wiki/MATH-MATIC,N,N,N,N
Mathematica,/wiki/Mathematica,https://upload.wikimedia.org/wikipedia/commons/thumb/2/20/Mathematica_Logo.svg/61px-Mathematica_Logo.svg.png,http://www.wolfram.com/mathematica/,/common/images/gl-logo-spikey.en.png,N
MATLAB,/wiki/MATLAB,https://upload.wikimedia.org/wikipedia/commons/thumb/2/21/Matlab_Logo.png/100px-Matlab_Logo.png,https://www.mathworks.com/products/matlab.html,/etc/designs/mathworks/img/pic-header-mathworks-logo.svg,N
Maxima,/wiki/Maxima_(software),https://upload.wikimedia.org/wikipedia/commons/thumb/4/4a/Maxima-new.svg/64px-Maxima-new.svg.png,http://maxima.sourceforge.net/,./i/logo.png,N
Macsyma,/wiki/Macsyma,N,N,N,N
Max,/wiki/Max_(software),https://upload.wikimedia.org/wikipedia/commons/thumb/9/90/Max6.PNG/180px-Max6.PNG,https://cycling74.com/products/max/,https://cycling74.com/images/c74-icon-fff.svg,N
MaxScript,/wiki/Autodesk_3ds_Max,N,https://www.autodesk.com/products/3ds-max/overview,https://static-dc.autodesk.net/etc/designs/v201412151200/autodesk/adsk-design/images/autodesk_header_logo_140x23.png,N
Maya (MEL),/wiki/Maya_Embedded_Language,N,N,N,N
MDL,/wiki/MDL_(programming_language),N,N,N,N
Mercury,/wiki/Mercury_(programming_language),https://upload.wikimedia.org/wikipedia/en/thumb/2/21/Mercury_%28programming_language%29_logo.jpg/220px-Mercury_%28programming_language%29_logo.jpg,http://www.mercurylang.org/,./images/mercurylogo.png,N
Mesa,/wiki/Mesa_(programming_language),N,N,N,N
Metafont,/wiki/Metafont,https://upload.wikimedia.org/wikipedia/commons/thumb/f/f1/METAFONT_logo.svg/220px-METAFONT_logo.svg.png,https://ctan.org/,N,N
Microcode,/wiki/Microassembler,N,N,N,N
MicroScript,/wiki/MicroScript_(programming_language),N,N,N,N
MIIS,/wiki/MIIS_(programming_language),N,N,N,N
Milk (programming language),/wiki/Milk_(programming_language),N,N,N,N
MIMIC,/wiki/MIMIC,N,N,N,N
Mirah,/wiki/Mirah_(programming_language),N,http://www.mirah.org/,https://raw.githubusercontent.com/mirah/resources/master/logo/mirah-logotype-small.png,N
Miranda,/wiki/Miranda_(programming_language),https://upload.wikimedia.org/wikipedia/en/3/34/Miranda_logo_%28programming_language%29.jpg,http://miranda.org.uk/,N,N
MIVA Script,/wiki/MIVA_Script,N,http://www.mivascript.com/,images_site/MivaScript.png,N
ML,/wiki/ML_(programming_language),N,N,N,N
Model 204,/wiki/Model_204,N,N,N,N
Modelica,/wiki/Modelica,https://upload.wikimedia.org/wikipedia/en/thumb/0/07/Modelica.png/300px-Modelica.png,https://www.modelica.org/,https://www.modelica.org/logo.jpg,N
Modula,/wiki/Modula,N,N,N,N
Modula-2,/wiki/Modula-2,N,N,N,N
Modula-3,/wiki/Modula-3,https://upload.wikimedia.org/wikipedia/commons/thumb/e/ed/M3Logo.gif/100px-M3Logo.gif,http://www.modula3.org/,images/m3pow.gif,N
Mohol,/wiki/Mohol_programming_languages,N,N,N,N
MOO,/wiki/MOO_(programming_language),N,N,N,N
Mortran,/wiki/Mortran,N,N,N,N
Mouse,/wiki/Mouse_(programming_language),N,N,N,N
MPD,/wiki/MPD_(programming_language),N,N,N,N
Mathcad,/wiki/Mathcad,https://upload.wikimedia.org/wikipedia/commons/thumb/d/db/Ptc_mathcad_logo_standard_color.png/414px-Ptc_mathcad_logo_standard_color.png,https://www.ptc.com/engineering-math-software/mathcad,N,N
CIL,/wiki/Common_Intermediate_Language,N,N,N,N
MSL,/wiki/MIRC_scripting_language,N,http://www.mirc.com/,/images/barlogo.gif,N
MUMPS,/wiki/MUMPS,N,N,N,N
MuPAD,/wiki/MuPAD,https://upload.wikimedia.org/wikipedia/en/f/f2/MuPADCube.png,https://www.mathworks.com/discovery/mupad.html,/etc/designs/mathworks/img/pic-header-mathworks-logo.svg,N
Mystic Programming Language,/wiki/Mystic_BBS,N,http://www.mysticbbs.com/,pixels/logo_gj.png,N
NASM,/wiki/Netwide_Assembler,https://upload.wikimedia.org/wikipedia/commons/thumb/4/48/Netwide_Assembler.svg/176px-Netwide_Assembler.svg.png,http://www.nasm.us/,N,N
Napier88,/wiki/Napier88,N,N,N,N
Neko,/wiki/Neko_(programming_language),https://upload.wikimedia.org/wikipedia/en/3/32/NekoLogo.png,http://nekovm.org/,/img/nekovm-logo.png,N
Nemerle,/wiki/Nemerle,N,http://nemerle.org/About,/Static/Images/menuitem-about-active-foreground.png,N
nesC,/wiki/NesC,N,N,N,N
NESL,/wiki/NESL,N,N,N,N
Net.Data,/wiki/Net.Data,N,https://www-03.ibm.com/systems/power/software/i/netdata/index.html,N,N
NetLogo,/wiki/NetLogo,https://upload.wikimedia.org/wikipedia/en/thumb/4/43/Netlogo.png/452px-Netlogo.png,http://ccl.northwestern.edu/netlogo/,/netlogo/images/netlogo-title-wide-60.jpg,N
NetRexx,/wiki/NetRexx,https://upload.wikimedia.org/wikipedia/commons/c/c4/NETREXX.gif,N,N,N
NewLISP,/wiki/NewLISP,https://upload.wikimedia.org/wikipedia/en/e/e7/Nl_logo_libel_side_color_240X100.png,http://www.newlisp.org/,N,N
NEWP,/wiki/NEWP,N,N,N,N
Newspeak,/wiki/Newspeak_(programming_language),N,http://newspeaklanguage.org/,N,N
NewtonScript,/wiki/NewtonScript,N,N,N,N
NGL,/wiki/NGL_(programming_language),N,N,N,N
Nial,/wiki/Nial,N,N,N,N
Nice,/wiki/Nice_(programming_language),N,N,N,N
Nickle,/wiki/Nickle_(programming_language),N,http://www.nickle.org/,sflogo.png,N
NITIN,/wiki/Nickle_(programming_language),N,http://www.nickle.org/,sflogo.png,N
Nim,/wiki/Nim_(programming_language),N,https://nim-lang.org/,/assets/img/logo.svg,N
Node.js,/w/index.php?title=Node.js_(programming_language)&action=edit&redlink=1,N,N,N,N
NPL,/wiki/NORD_Programming_Language,N,N,N,N
Not eXactly C,/wiki/Not_eXactly_C,N,N,N,N
Not Quite C,/wiki/Not_Quite_C,N,N,N,N
NSIS,/wiki/Nullsoft_Scriptable_Install_System,https://upload.wikimedia.org/wikipedia/commons/0/04/Nullsoft_Scriptable_Install_System_icon.png,,N,N
Nu,/wiki/Nu_(programming_language),N,http://programming.nu/index,N,N
NWScript,/wiki/NWScript,N,,N,N
NXT-G,/wiki/NXT-G,N,N,N,N
o:XML,/wiki/O:XML,N,N,N,N
Oak,/wiki/Oak_(programming_language),N,N,N,N
Oberon,/wiki/Oberon_(programming_language),https://upload.wikimedia.org/wikipedia/commons/2/21/OberonLogo.png,,N,N
OBJ2,/wiki/OBJ2,N,N,N,N
Object Lisp,/wiki/Object_Lisp,N,N,N,N
ObjectLOGO,/wiki/ObjectLOGO,N,N,N,N
Object REXX,/wiki/Object_REXX,https://upload.wikimedia.org/wikipedia/commons/1/18/Rexx3_orig_size_transparent.gif,http://www.oorexx.org/,http://sflogo.sourceforge.net/sflogo.php?group_id=119701&type=2,N
Object Pascal,/wiki/Object_Pascal,N,N,N,N
Objective-C,/wiki/Objective-C,N,https://developer.apple.com/library/content/documentation/Cocoa/Conceptual/ProgrammingWithObjectiveC/Introduction/Introduction.html,N,N
Objective-J,/wiki/Objective-J,N,http://www.cappuccino-project.org/,/img/cappuccino-website-logo-333bd6a0.png,N
Obliq,/wiki/Obliq,N,N,N,N
OCaml,/wiki/OCaml,https://upload.wikimedia.org/wikipedia/commons/thumb/f/ff/OCaml_Logo.svg/200px-OCaml_Logo.svg.png,http://ocaml.org/,/img/colour-logo-white.svg,N
occam,/wiki/Occam_(programming_language),N,N,N,N
occam-π,/wiki/Occam-%CF%80,N,N,N,N
Octave,/wiki/GNU_Octave,https://upload.wikimedia.org/wikipedia/commons/thumb/6/6a/Gnu-octave-logo.svg/100px-Gnu-octave-logo.svg.png,https://www.gnu.org/software/octave/,/software/octave/img/octave-logo.svg,N
OmniMark,/wiki/OmniMark,N,N,N,N
Onyx,/wiki/Onyx_(programming_language),N,N,N,N
Opa,/wiki/Opa_(programming_language),https://upload.wikimedia.org/wikipedia/en/6/64/Opa_logo_cloud.png,http://opalang.org/,/assets/img/logo-opa-gray.png,N
Opal,/wiki/Opal_(programming_language),N,N,N,N
OpenCL,/wiki/OpenCL,https://upload.wikimedia.org/wikipedia/en/thumb/1/1c/OpenCL_Logo.svg/200px-OpenCL_Logo.svg.png,https://www.khronos.org/opencl/,/assets/css/images/khronos-logo.svg,N
OpenEdge ABL,/wiki/OpenEdge_Advanced_Business_Language,N,https://www.progress.com/,https://d117h1jjiq768j.cloudfront.net/images/default-source/home/p-logos.png?sfvrsn=62f198fc_4,N
OPL,/wiki/Open_Programming_Language,N,http://opl-dev.sourceforge.net/,http://sourceforge.net/sflogo.php?group_id=76695&type=1,N
OpenVera,/wiki/OpenVera,N,N,N,N
OPS5,/wiki/OPS5,N,N,N,N
OptimJ,/wiki/OptimJ,N,http://www.ateji.com/,N,N
Orc,/wiki/Orc_(programming_language),https://upload.wikimedia.org/wikipedia/en/5/5e/Orc_programming_language_logo.png,https://orc.csres.utexas.edu/,N,N
ORCA/Modula-2,/wiki/ORCA/Modula-2,N,N,N,N
Oriel,/wiki/Oriel_(scripting_language),https://upload.wikimedia.org/wikipedia/en/9/97/The_Oriel_for_Windows_Logo.png,N,N,N
Orwell,/wiki/Orwell_(programming_language),N,N,N,N
Oxygene,/wiki/Oxygene_(programming_language),https://upload.wikimedia.org/wikipedia/en/9/9e/Chrome-128.png,http://elementscompiler.com/elements/,/images/site-logos/new4-yellow-50.png,N
Oz,/wiki/Oz_(programming_language),N,http://mozart.github.io/,/img/mozart-logos/logo_new.png,N
P′′,/wiki/P%E2%80%B2%E2%80%B2,N,N,N,N
P#,/wiki/P_Sharp,N,N,N,N
ParaSail (programming language),/wiki/ParaSail_(programming_language),https://upload.wikimedia.org/wikipedia/en/c/c1/Logo_for_ParaSail_Programming_Language.jpg,https://forge.open-do.org/plugins/moinmoin/parasail/,/plugins/moinmoin/parasail/FrontPage?action=AttachFile&do=get&target=logo_parasail.png,N
PARI/GP,/wiki/PARI/GP,https://upload.wikimedia.org/wikipedia/commons/thumb/2/26/PARI-GP_logo.svg/116px-PARI-GP_logo.svg.png,http://pari.math.u-bordeaux.fr/,/site_icons/Logo_PARI-GP_Couleurs_L150px.png,N
Pascal,/wiki/Pascal_(programming_language),N,N,N,N
PCASTL,/wiki/PCASTL,N,http://www.pcosmos.ca/pcastl/,N,N
PCF,/wiki/Programming_language_for_Computable_Functions,N,N,N,N
PEARL,/wiki/PEARL_(programming_language),N,N,N,N
PeopleCode,/wiki/PeopleCode,N,N,N,N
Perl,/wiki/Perl,https://upload.wikimedia.org/wikipedia/en/e/e0/Programming-republic-of-perl.png,https://www.perl.org/,//st.pimg.net/perlweb/images/logo.v2cb0e36.svg,N
PDL,/wiki/Perl_Data_Language,N,http://pdl.perl.org/,http://sflogo.sourceforge.net/sflogo.php?group_id=612&type=16,N
Perl 6,/wiki/Perl_6,https://upload.wikimedia.org/wikipedia/commons/thumb/8/85/Camelia.svg/250px-Camelia.svg.png,https://perl6.org/,camelia-logo.png,N
Pharo,/wiki/Pharo,https://upload.wikimedia.org/wikipedia/commons/thumb/6/6c/Pharo_Logo_v3.0.svg/200px-Pharo_Logo_v3.0.svg.png,https://pharo.org/,/web/files/pharo-logo-small.png,N
PHP,/wiki/PHP,https://upload.wikimedia.org/wikipedia/commons/thumb/2/27/PHP-logo.svg/200px-PHP-logo.svg.png,https://secure.php.net/,/images/logos/php-logo.svg,N
Pico,/wiki/Pico_(programming_language),N,http://pico.vub.ac.be/,N,N
Picolisp,/wiki/Picolisp,https://upload.wikimedia.org/wikipedia/commons/thumb/5/53/PicoLisp_Icon_Xlarge.png/64px-PicoLisp_Icon_Xlarge.png,https://picolisp.com/wiki/?home,wiki/img/small-logo.png,N
Pict,/wiki/Pict_(programming_language),N,N,N,N
Pike,/wiki/Pike_(programming_language),https://upload.wikimedia.org/wikipedia/commons/thumb/3/32/Pike_Programming_Language_Logo.svg/220px-Pike_Programming_Language_Logo.svg.png,https://pike.lysator.liu.se/,/assets/img/pike-logo.svg,N
PIKT,/wiki/PIKT,N,http://pikt.org/,http://pikt.org/pikt/images/PIKTlogo160x100.gif,N
PILOT,/wiki/PILOT,N,N,N,N
Pipelines,/wiki/Hartmann_pipeline,https://upload.wikimedia.org/wikipedia/en/0/0c/Pipjarg1.jpeg,http://vm.marist.edu/~pipeline/,http://kedit.com/image/keditlogo.gif,N
Pizza,/wiki/Pizza_(programming_language),N,http://pizzacompiler.sourceforge.net/,http://sourceforge.net/sflogo.php?group_id=31504,N
PL-11,/wiki/PL-11,N,N,N,N
PL/0,/wiki/PL/0,N,N,N,N
PL/B,/wiki/Programming_Language_for_Business,N,N,N,N
PL/C,/wiki/PL/C,N,N,N,N
PL/I,/wiki/PL/I,N,http://bitsavers.trailing-edge.com/pdf/ibm/360/pli/,N,N
PL/M,/wiki/PL/M,N,N,N,N
PL/P,/wiki/PL/P,N,N,N,N
PL/SQL,/wiki/PL/SQL,N,N,N,N
PL360,/wiki/PL360,N,N,N,N
PLANC,/wiki/PLANC,N,N,N,N
Plankalkül,/wiki/Plankalk%C3%BCl,N,N,N,N
Planner,/wiki/Planner_(programming_language),N,N,N,N
PLEX,/wiki/PLEX_(programming_language),N,N,N,N
PLEXIL,/wiki/PLEXIL,N,http://plexil.sourceforge.net/wiki/index.php/Main_Page,N,N
Plus,/wiki/Plus_(programming_language),N,N,N,N
POP-11,/wiki/POP-11,N,N,N,N
POP-2,/wiki/POP-2,N,N,N,N
PostScript,/wiki/PostScript,N,N,N,N
PortablE,/wiki/Amiga_E#PortablE,N,N,N,N
Powerhouse,/wiki/Powerhouse_(programming_language),N,N,N,N
PowerBuilder,/wiki/PowerBuilder,N,https://www.appeon.com/,https://www.appeon.com/sites/default/files//logo_1.png,N
PowerShell,/wiki/PowerShell,https://upload.wikimedia.org/wikipedia/commons/thumb/2/2f/PowerShell_5.0_icon.png/64px-PowerShell_5.0_icon.png,https://msdn.microsoft.com/en-us/powershell,https://i-msdn.sec.s-msft.com/dynimg/IC815818.png,N
PPL,/wiki/Polymorphic_Programming_Language,N,N,N,N
Processing,/wiki/Processing_(programming_language),https://upload.wikimedia.org/wikipedia/commons/thumb/2/2e/Processing_3_logo.png/180px-Processing_3_logo.png,https://processing.org/,N,N
Processing.js,/wiki/Processing.js,https://upload.wikimedia.org/wikipedia/commons/thumb/5/59/Processing_Logo_Clipped.svg/180px-Processing_Logo_Clipped.svg.png,http://processingjs.org/,/images/header.png,N
Prograph,/wiki/Prograph,https://upload.wikimedia.org/wikipedia/en/thumb/6/6e/Prograph_cpx_logo.PNG/150px-Prograph_cpx_logo.PNG,N,N,N
PROIV,/wiki/PROIV,N,N,N,N
Prolog,/wiki/Prolog,N,N,N,N
PROMAL,/wiki/PROMAL,https://upload.wikimedia.org/wikipedia/en/2/2d/PROMAL_logo.png,N,N,N
Promela,/wiki/Promela,N,N,N,N
PROSE modeling language,/wiki/PROSE_modeling_language,N,N,N,N
PROTEL,/wiki/Protel,N,N,N,N
ProvideX,/wiki/ProvideX,N,http://www.pvxplus.com/,N,N
Pro*C,/wiki/Pro*C,N,N,N,N
Pure,/wiki/Pure_(programming_language),https://upload.wikimedia.org/wikipedia/en/5/5a/Pure_lang_logo.png,https://purelang.bitbucket.io/,https://purelang.bitbucket.io/images/waterdrop.png,N
PureScript,/w/index.php?title=PureScript&action=edit&redlink=1,N,N,N,N
Pure Data,/wiki/Pure_Data,https://upload.wikimedia.org/wikipedia/commons/thumb/f/f8/Pure_Data_with_many_patches_open_%28showing_netpd_project%29.png/300px-Pure_Data_with_many_patches_open_%28showing_netpd_project%29.png,http://puredata.info/,downloads/pure-data/logo,N
Python,/wiki/Python_(programming_language),https://upload.wikimedia.org/wikipedia/commons/thumb/f/f8/Python_logo_and_wordmark.svg/260px-Python_logo_and_wordmark.svg.png,https://www.python.org/,/static/img/python-logo.png,N
Q (equational programming language),/wiki/Q_(equational_programming_language),https://upload.wikimedia.org/wikipedia/en/5/5a/Pure_lang_logo.png,https://purelang.bitbucket.io/,https://purelang.bitbucket.io/images/waterdrop.png,N
Q (programming language from Kx Systems),/wiki/Q_(programming_language_from_Kx_Systems),N,N,N,N
Qalb,/wiki/Qalb_(programming_language),N,,N,N
QtScript,/wiki/QtScript,N,N,N,N
QuakeC,/wiki/QuakeC,N,N,N,N
QPL,/wiki/Quantum_programming,N,N,N,N
R,/wiki/R_(programming_language),https://upload.wikimedia.org/wikipedia/commons/thumb/1/1b/R_logo.svg/220px-R_logo.svg.png,https://www.r-project.org/,/Rlogo.png,N
R++,/wiki/R%2B%2B,N,N,N,N
Racket,/wiki/Racket_(programming_language),https://upload.wikimedia.org/wikipedia/commons/thumb/e/e5/Racket_logo.png/66px-Racket_logo.png,http://racket-lang.org/,img/racket-logo.svg,N
RAPID,/wiki/RAPID,N,N,N,N
Rapira,/wiki/Rapira,N,N,N,N
Ratfiv,/wiki/Ratfiv,N,N,N,N
Ratfor,/wiki/Ratfor,N,http://sepwww.stanford.edu/doku.php?id=sep:software:ratfor,/lib/tpl/arctic/images/seplogo100-cardinal.png,N
rc,/wiki/Rc,N,http://doc.cat-v.org/plan_9/4th_edition/papers/rc,N,N
REBOL,/wiki/REBOL,https://upload.wikimedia.org/wikipedia/commons/a/a2/Rebol_logo.png,http://www.rebol.com/,http://www.rebol.com/graphics/reb-logo.gif,N
Red,/wiki/Red_(programming_language),https://upload.wikimedia.org/wikipedia/en/thumb/e/e9/Red_Language_Tower_Logo.png/150px-Red_Language_Tower_Logo.png,http://www.red-lang.org/,http://static.red-lang.org/red-logo.png,N
Redcode,/wiki/Core_War,https://upload.wikimedia.org/wikipedia/commons/c/c2/Core_War_PMars_Screenshot.png,N,N,N
REFAL,/wiki/REFAL,N,http://www.refal.net/,N,N
Reia,/wiki/Reia_(programming_language),N,http://reia-lang.org/,/images/logo.png,N
REXX,/wiki/REXX,https://upload.wikimedia.org/wikipedia/en/thumb/f/f7/Rexx-img-lg.png/220px-Rexx-img-lg.png,N,N,N
Rlab,/wiki/Rlab,N,N,N,N
ROOP,/wiki/ROOP_(programming_language),N,N,N,N
RPG,/wiki/IBM_RPG,N,N,N,N
RPL,/wiki/RPL_(programming_language),N,N,N,N
RSL,/wiki/Robot_Battle#Robot_scripting_language,N,N,N,N
RTL/2,/wiki/RTL/2,N,N,N,N
Ruby,/wiki/Ruby_(programming_language),https://upload.wikimedia.org/wikipedia/commons/thumb/7/73/Ruby_logo.svg/100px-Ruby_logo.svg.png,http://www.ruby-lang.org/,N,N
RuneScript,/wiki/RuneScape#History_and_development,N,N,N,N
Rust,/wiki/Rust_(programming_language),https://upload.wikimedia.org/wikipedia/commons/thumb/d/d5/Rust_programming_language_black_logo.svg/144px-Rust_programming_language_black_logo.svg.png,https://www.rust-lang.org/,N,N
S,/wiki/S_(programming_language),N,http://ect.bell-labs.com/sl/S/,N,N
S2,/wiki/S2_(programming_language),N,http://www.livejournal.com/doc/s2/index.html,N,N
S3,/wiki/S3_(programming_language),N,N,N,N
S-Lang,/wiki/S-Lang_(programming_language),N,N,N,N
S-PLUS,/wiki/S-PLUS,N,N,N,N
SA-C,/wiki/SA-C_(programming_language),N,N,N,N
SabreTalk,/wiki/SabreTalk,N,N,N,N
SAIL,/wiki/SAIL_(programming_language),N,N,N,N
SALSA,/wiki/SALSA_(programming_language),N,http://wcl.cs.rpi.edu/salsa/,N,N
SAM76,/wiki/SAM76,N,N,N,N
SAS,/wiki/SAS_System,https://upload.wikimedia.org/wikipedia/commons/thumb/9/97/%E0%A6%B8%E0%A7%8D%E0%A6%AF%E0%A6%BE%E0%A6%B8_%E0%A6%B2%E0%A7%8B%E0%A6%97%E0%A7%8B.png/150px-%E0%A6%B8%E0%A7%8D%E0%A6%AF%E0%A6%BE%E0%A6%B8_%E0%A6%B2%E0%A7%8B%E0%A6%97%E0%A7%8B.png,https://www.sas.com/ko_kr/home.html,/content/sascom/ko_kr/navigation/header/megadropdown/customer-stories/_jcr_content/par/styledcontainer_a853/par/textimage_2f9d/image.img.png/1501830542149.png,N
SASL,/wiki/SASL_(programming_language),N,N,N,N
Sather,/wiki/Sather,N,https://www.gnu.org/software/sather/,/graphics/fsf-logo-notext-small.png,N
Sawzall,/wiki/Sawzall_(programming_language),N,N,N,N
SBL,/wiki/Superbase_database,N,http://www.superbase.com/,http://www.superbase.com/wp-content/uploads/2014/11/sblogo-rgb.png,N
Scala,/wiki/Scala_(programming_language),https://upload.wikimedia.org/wikipedia/en/8/85/Scala_logo.png,http://www.scala-lang.org/,/resources/img/frontpage/scala-logo-white@2x.png,N
Scheme,/wiki/Scheme_(programming_language),https://upload.wikimedia.org/wikipedia/commons/thumb/3/39/Lambda_lc.svg/100px-Lambda_lc.svg.png,http://www.scheme-reports.org/,N,N
Scilab,/wiki/Scilab,https://upload.wikimedia.org/wikipedia/commons/thumb/7/7e/Screenshot_scilab_3.png/300px-Screenshot_scilab_3.png,http://www.scilab.org/,N,N
Scratch,/wiki/Scratch_(programming_language),https://upload.wikimedia.org/wikipedia/commons/thumb/d/d6/Scratch_Logo.svg/180px-Scratch_Logo.svg.png,https://scratch.mit.edu/,N,N
Script.NET,/wiki/Script.NET,N,http://www.protsyk.com/scriptdotnet/,N,N
Sed,/wiki/Sed,N,N,N,N
Seed7,/wiki/Seed7,N,http://seed7.sourceforge.net/,N,N
Self,/wiki/Self_(programming_language),https://upload.wikimedia.org/wikipedia/commons/thumb/8/88/Self-logo.svg/200px-Self-logo.svg.png,http://www.selflanguage.org/,img/self-logo.png,N
SenseTalk,/wiki/SenseTalk,https://upload.wikimedia.org/wikipedia/en/thumb/9/9c/ST-HelloWorld2.png/250px-ST-HelloWorld2.png,http://sensetalk.com/,N,N
SequenceL,/wiki/SequenceL,N,http://texasmulticore.com/,N,N
SETL,/wiki/SETL,N,http://setl.org/,N,N
SIMPOL,/wiki/Superbase_database#History,N,http://www.superbase.com/,http://www.superbase.com/wp-content/uploads/2014/11/sblogo-rgb.png,N
SIGNAL,/wiki/SIGNAL_(programming_language),N,N,N,N
SiMPLE,/wiki/SiMPLE,N,N,N,N
SIMSCRIPT,/wiki/SIMSCRIPT,N,N,N,N
Simula,/wiki/Simula,N,N,N,N
Simulink,/wiki/Simulink,https://upload.wikimedia.org/wikipedia/en/thumb/1/11/Simulink_Logo.png/100px-Simulink_Logo.png,https://www.mathworks.com/products/simulink.html?s_cid=wiki_simulink_2,/etc/designs/mathworks/img/pic-header-mathworks-logo.svg,N
Singularity,/wiki/Singularity_(operating_system),https://upload.wikimedia.org/wikipedia/commons/thumb/1/12/Singularity_v1.png/300px-Singularity_v1.png,N,N,N
SISAL,/wiki/SISAL,N,N,N,N
SLIP,/wiki/SLIP_(programming_language),N,N,N,N
SMALL,/wiki/SMALL,N,N,N,N
Smalltalk,/wiki/Smalltalk,https://upload.wikimedia.org/wikipedia/en/c/c0/Smalltalk80book.jpg,http://smalltalk.org/,N,N
Small Basic,/wiki/Microsoft_Small_Basic,https://upload.wikimedia.org/wikipedia/commons/thumb/5/50/Microsoft_Small_Basic_icon.png/64px-Microsoft_Small_Basic_icon.png,http://www.smallbasic.com/,N,N
SML,/wiki/Standard_ML,N,http://sml-family.org/,N,N
Strongtalk,/wiki/Strongtalk,N,N,N,N
Snap!,/wiki/Snap!_(programming_language),https://upload.wikimedia.org/wikipedia/en/thumb/2/2f/Snap_Language_Logo.svg/180px-Snap_Language_Logo.svg.png,http://snap.berkeley.edu/,comp09/snapplogo.png,N
SNOBOL,/wiki/SNOBOL,N,http://www.snobol4.org/,N,N
SPITBOL,/wiki/SPITBOL_compiler,N,N,N,N
Snowball,/wiki/Snowball_programming_language,N,N,N,N
SOL,/wiki/Secure_Operations_Language,N,N,N,N
Solidity,/wiki/Solidity,N,https://github.com/ethereum/solidity,N,N
SPARK,/wiki/SPARK_(programming_language),https://upload.wikimedia.org/wikipedia/en/thumb/1/16/Sparkada.jpg/250px-Sparkada.jpg,http://www.adacore.com/sparkpro/,N,N
Speedcode,/wiki/Speedcoding,N,N,N,N
SPIN,/wiki/Parallax_Propeller,N,N,N,N
SP/k,/wiki/SP/k,N,N,N,N
SPS,/wiki/IBM_1401_Symbolic_Programming_System,N,N,N,N
SQR,/wiki/SQR,N,N,N,N
Squeak,/wiki/Squeak,https://upload.wikimedia.org/wikipedia/commons/thumb/b/b0/Squeak.svg/100px-Squeak.svg.png,http://squeak.org/,/static/img/squeak.svg,N
Squirrel,/wiki/Squirrel_(programming_language),N,http://squirrel-lang.org/,images/logo.gif,N
SR,/wiki/SR_(programming_language),N,N,N,N
S/SL,/wiki/S/SL_programming_language,N,N,N,N
Stackless Python,/wiki/Stackless_Python,N,https://bitbucket.org/stackless-dev/stackless/wiki/Home,N,N
Starlogo,/wiki/Starlogo,N,http://education.mit.edu/portfolio_page/starlogo-tng/,N,N
Strand,/wiki/Strand_(programming_language),N,N,N,N
Stata,/wiki/Stata,https://upload.wikimedia.org/wikipedia/commons/thumb/7/79/Stata_logo_med_blue.png/225px-Stata_logo_med_blue.png,https://www.stata.com/,/includes/images/transparent-pixel.png,N
Stateflow,/wiki/Stateflow,https://upload.wikimedia.org/wikipedia/en/thumb/4/4e/Automatic_Transmission_Logic.png/300px-Automatic_Transmission_Logic.png,https://www.mathworks.com/products/stateflow.html?s_cid=wiki_stateflow_2,/etc/designs/mathworks/img/pic-header-mathworks-logo.svg,N
Subtext,/wiki/Subtext_(programming_language),N,N,N,N
SuperCollider,/wiki/SuperCollider,N,http://supercollider.github.io/,/images/sc_cube_32x32.png,N
SuperTalk,/wiki/SuperTalk,N,N,N,N
Swift (Apple programming language),/wiki/Swift_(programming_language),https://upload.wikimedia.org/wikipedia/commons/thumb/2/20/Swift_logo_with_text.svg/200px-Swift_logo_with_text.svg.png,https://swift.org/,N,N
Swift (parallel scripting language),/wiki/Swift_(parallel_scripting_language),https://upload.wikimedia.org/wikipedia/en/thumb/8/86/Swift_%28programing_language%29_logo.png/150px-Swift_%28programing_language%29_logo.png,http://swift-lang.org/,N,N
SYMPL,/wiki/SYMPL,N,N,N,N
SyncCharts,/wiki/SyncCharts,N,N,N,N
SystemVerilog,/wiki/SystemVerilog,https://upload.wikimedia.org/wikipedia/en/thumb/e/ef/SystemVerilog_logo.png/240px-SystemVerilog_logo.png,N,N,N
T,/wiki/T_(programming_language),N,N,N,N
TACL,/wiki/TACL,N,N,N,N
TACPOL,/wiki/TACPOL_(programming_language),N,N,N,N
TADS,/wiki/TADS,N,http://www.tads.org/,N,N
TAL,/wiki/Transaction_Application_Language,N,N,N,N
Tcl,/wiki/Tcl,https://upload.wikimedia.org/wikipedia/commons/thumb/e/eb/Tcl-powered.svg/70px-Tcl-powered.svg.png,http://www.tcl.tk/,/images/plume.png,N
Tea,/wiki/Tea_(programming_language),N,,N,N
TECO,/wiki/Text_Editor_and_Corrector,N,N,N,N
TELCOMP,/wiki/TELCOMP,N,N,N,N
TeX,/wiki/TeX,https://upload.wikimedia.org/wikipedia/commons/thumb/6/68/TeX_logo.svg/100px-TeX_logo.svg.png,http://tug.org/,/images/tuglogo.png,N
TEX,/wiki/Text_Executive_Programming_Language,N,N,N,N
TIE,/wiki/Tensilica_Instruction_Extension,N,N,N,N
Timber,/wiki/Timber_(programming_language),N,N,N,N
TMG,/wiki/TMG_(language),N,N,N,N
Tom,/wiki/Tom_(pattern_matching_language),https://upload.wikimedia.org/wikipedia/commons/5/54/Tom_%28pattern_matching_language%29_logo.png,http://tom.loria.fr/wiki/index.php5/Main_Page,/wiki/images/logo-inria.gif,N
TOM,/wiki/TOM_(object-oriented_programming_language),N,http://gerbil.org/tom/,N,N
Toi,/wiki/Toi_(programming_language),N,N,N,N
Topspeed,/wiki/Clarion_(programming_language),N,http://www.softvelocity.com/,assets/img/logo/logonew57.png,N
TPU,/wiki/Text_Processing_Utility,N,N,N,N
Trac,/wiki/TRAC_(programming_language),N,N,N,N
TTM,/wiki/TTM_(programming_language),N,N,N,N
T-SQL,/wiki/Transact-SQL,N,N,N,N
Transcript,/wiki/Transcript_(programming_language),N,https://livecode.org/,https://livecode.org/wp-content/uploads/2016/04/lccom.png,N
TTCN,/wiki/TTCN,N,N,N,N
Turing,/wiki/Turing_(programming_language),https://upload.wikimedia.org/wikipedia/en/1/10/Turing_logo.gif,N,N,N
TUTOR,/wiki/TUTOR_(programming_language),N,N,N,N
TXL,/wiki/TXL_(programming_language),N,https://www.txl.ca/,N,N
TypeScript,/wiki/TypeScript,https://upload.wikimedia.org/wikipedia/commons/thumb/a/a6/TypeScript_Logo.png/220px-TypeScript_Logo.png,,N,N
Ubercode,/wiki/Ubercode,N,N,N,N
UCSD Pascal,/wiki/UCSD_Pascal,https://upload.wikimedia.org/wikipedia/commons/thumb/5/5e/UCSD2.png/250px-UCSD2.png,N,N,N
Umple,/wiki/Umple,https://upload.wikimedia.org/wikipedia/commons/thumb/6/6f/Umple_Logo.png/200px-Umple_Logo.png,http://cruise.eecs.uottawa.ca/umple/,files/umple_logo.jpg,N
Unicon,/wiki/Unicon_(programming_language),N,https://unicon.sourceforge.io/,//sourceforge.net/sflogo.php?group_id=10965,N
Uniface,/wiki/Uniface_(programming_language),https://upload.wikimedia.org/wikipedia/commons/thumb/7/7d/Uniface_Logo.jpg/220px-Uniface_Logo.jpg,https://www.uniface.com/,https://uniface-gttrmk1tc8kkytbh2joa944ejszi8yj.netdna-ssl.com/wp-content/themes/uniface-website/images/logo.x67463.png,N
UNITY,/wiki/UNITY_(programming_language),N,N,N,N
Unix shell,/wiki/Unix_shell,N,N,N,N
UnrealScript,/wiki/UnrealScript,https://upload.wikimedia.org/wikipedia/commons/thumb/2/20/UE_Logo_Black_Centered.svg/140px-UE_Logo_Black_Centered.svg.png,https://www.unrealengine.com/en-US/what-is-unreal-engine-4,N,N
Vala,/wiki/Vala_(programming_language),N,https://wiki.gnome.org/Projects/Vala,https://www.gnome.org/wp-content/themes/gnome-grass/images/gnome-logo.svg,N
Verilog,/wiki/Verilog,N,N,N,N
VHDL,/wiki/VHDL,N,http://www.eda.org/404,/templates/accellera_1.1/images/logo_accellera.png,N
Visual Basic,/wiki/Visual_Basic,https://upload.wikimedia.org/wikipedia/en/thumb/e/e4/Visual_Basic_6.0_logo.png/210px-Visual_Basic_6.0_logo.png,https://msdn.microsoft.com/en-us/library/windows/desktop/ms788229.aspx,https://assets.onestore.ms/cdnfiles/external/uhf/long/9a49a7e9d8e881327e81b9eb43dabc01de70a9bb/images/microsoft-gray.png,N
Visual Basic .NET,/wiki/Visual_Basic_.NET,https://upload.wikimedia.org/wikipedia/en/7/70/Visual_Basic_Express_icon.png,,N,N
Visual DataFlex,/wiki/Visual_DataFlex,N,N,N,N
Visual DialogScript,/wiki/Visual_DialogScript,N,N,N,N
Visual Fortran,/wiki/Visual_Fortran,https://upload.wikimedia.org/wikipedia/commons/thumb/0/07/Fortran_acs_cover.jpeg/150px-Fortran_acs_cover.jpeg,N,N,N
Visual FoxPro,/wiki/Visual_FoxPro,https://upload.wikimedia.org/wikipedia/en/thumb/7/7e/VisualFoxProScreenshot.png/300px-VisualFoxProScreenshot.png,https://msdn.microsoft.com/en-us/library/mt490117,https://i-msdn.sec.s-msft.com/Areas/Centers/Themes/StandardDevCenter/Content/HeaderFooterSprite.png?v=636366940370715916,N
Visual J++,/wiki/Visual_J%2B%2B,N,N,N,N
Visual J#,/wiki/Visual_J,N,N,N,N
Visual Objects,/wiki/Visual_Objects,N,N,N,N
Visual Prolog,/wiki/Visual_Prolog,https://upload.wikimedia.org/wikipedia/en/thumb/8/84/Visual_Prolog_IDE_Screenshot.png/300px-Visual_Prolog_IDE_Screenshot.png,http://www.visual-prolog.com/,http://www.visual-prolog.com/share/images/vip-logo.png,N
VSXu,/wiki/VSXu,N,http://www.vsxu.com/,/assets/images/logo_top_left.png,N
vvvv,/wiki/Vvvv,https://upload.wikimedia.org/wikipedia/commons/3/3c/VVVV_logo_schwarz.png,https://vvvv.org/,/sites/all/themes/vvvv/css/img/logo.png,N
"WATFIV, WATFOR",/wiki/WATFIV_(programming_language),N,N,N,N
WebDNA,/wiki/WebDNA,N,N,N,N
WebQL,/wiki/WebQL,N,N,N,N
Whiley,/wiki/Whiley_(programming_language),https://upload.wikimedia.org/wikipedia/commons/c/cd/Whiley_Logo.png,http://whiley.org/,N,N
Windows PowerShell,/wiki/Windows_PowerShell,https://upload.wikimedia.org/wikipedia/commons/thumb/2/2f/PowerShell_5.0_icon.png/64px-PowerShell_5.0_icon.png,https://msdn.microsoft.com/en-us/powershell,https://i-msdn.sec.s-msft.com/dynimg/IC815818.png,N
Winbatch,/wiki/Winbatch,N,http://www.winbatch.com/,N,N
Wolfram Language,/wiki/Wolfram_Language,https://upload.wikimedia.org/wikipedia/en/thumb/1/17/Wolfram_Language_Logo_2016.svg/220px-Wolfram_Language_Logo_2016.svg.png,https://www.wolfram.com/language/,/common/images/gl-logo-spikey.en.png,N
Wyvern,/wiki/Wyvern_(programming_language),N,N,N,N
X10,/wiki/X10_(programming_language),N,http://x10-lang.org/,N,N
XBL,/wiki/XBL,N,N,N,N
XC,/wiki/XC_Programming_Language,N,N,N,N
XMOS architecture,/wiki/XCore_XS1,N,N,N,N
xHarbour,/wiki/XHarbour,N,N,N,N
XL,/wiki/XL_(programming_language),N,http://xlr.sourceforge.net/,/sites/default/files/logo.png,N
Xojo,/wiki/Xojo,https://upload.wikimedia.org/wikipedia/en/thumb/1/15/Xojo_Company_Logo.png/64px-Xojo_Company_Logo.png,http://xojo.com/,/assets/img/logo.png,N
XOTcl,/wiki/XOTcl,N,http://media.wu-wien.ac.at/,/img/logo-150.jpg,N
XPL,/wiki/XPL,N,N,N,N
XPL0,/wiki/XPL0,N,N,N,N
XQuery,/wiki/XQuery,N,http://www.w3.org/XML/Query/,N,N
XSB,/wiki/XSB,N,http://xsb.sourceforge.net/,xsb-logo.png,N
XSharp,/wiki/XSharp,N,N,N,N
XSLT,/wiki/XSL_Transformations,N,http://www.w3.org/standards/xml/transformation,/2008/site/images/logo-w3c-mobile-lg,N
XPath,/wiki/XPath,N,N,N,N
Xtend,/wiki/Xtend,https://upload.wikimedia.org/wikipedia/commons/4/4c/Xtend-logo-c.png,http://www.eclipse.org/xtend/,images/android_logo.png,N
Yorick,/wiki/Yorick_(programming_language),N,http://yorick.github.io/,N,N
YQL,/wiki/YQL_(programming_language),N,N,N,N
Yoix,/wiki/Yoix,https://upload.wikimedia.org/wikipedia/en/f/f4/Yoixlogo.png,https://github.com/att/yoix,N,N
Z notation,/wiki/Z_notation,N,N,N,N
Zeno,/wiki/Zeno_(programming_language),N,N,N,N
ZOPL,/wiki/ZOPL,N,N,N,N
Zsh,/wiki/Z_shell,https://upload.wikimedia.org/wikipedia/commons/thumb/e/e3/Zsh-demo.png/250px-Zsh-demo.png,http://www.zsh.org/,N,N
ZPL,/wiki/ZPL_(programming_language),N,http://research.cs.washington.edu/zpl/home/,N,N
